,Coherence,GAN_AUC,Gen_Quality
OmniReview_Full,0.012092385,1,0.860000002
No_Diffusion (VAE only),0.691646099,0.9,0.731000001
No_Flow,0.011850538,0.85,0.774000001
Random_Baseline,0.001338554,0.5,0
